TreeDepth,Offset,Name
0,0x65c968,N/A
0,0x65ca30,N/A
0,0x3b2a290,N/A
0,0x4425870,N/A
0,0x4425fe0,N/A
0,0x4588340,N/A
0,0x4c41608,N/A
0,0x4f85428,N/A
0,0x5186368,N/A
0,0x51863f8,N/A
0,0x5313a10,N/A
0,0x54c7d58,N/A
0,0x585fb48,N/A
0,0x5a0c148,N/A
0,0x5c61130,N/A
0,0x5dd1d40,N/A
0,0x5e101f8,N/A
0,0x64a05b0,N/A
0,0x669a780,N/A
0,0x6ced3c0,N/A
0,0x6e603c0,N/A
0,0x70653c8,N/A
0,0x756df90,N/A
0,0x756dfe0,N/A
0,0x7fb6b00,N/A
0,0x7fb6b50,N/A
0,0x85a32f8,N/A
0,0x85ec0f0,N/A
0,0x85eced0,N/A
0,0x87a1518,N/A
0,0x9764788,N/A
0,0x996bcb0,N/A
0,0x9abaa48,N/A
0,0x9c6a030,N/A
0,0x9c6a100,N/A
0,0x9c6a190,N/A
0,0x9c6a220,N/A
0,0x9c6a2b0,N/A
0,0x9c6a340,N/A
0,0x9c6a3d0,N/A
0,0x9c6a460,N/A
0,0x9c6a4f0,N/A
0,0x9c6a580,N/A
0,0x9c6a610,N/A
0,0x9c6a6a0,N/A
0,0x9c6a730,N/A
0,0x9c6a7c0,N/A
0,0x9c6a850,N/A
0,0x9c6a8e0,N/A
0,0x9c6a970,N/A
0,0x9c6aa00,N/A
0,0x9c6aa90,N/A
0,0x9c6ab20,N/A
0,0x9c6abb0,N/A
0,0x9c6ac40,N/A
0,0x9c6acd0,N/A
0,0x9c6ad60,N/A
0,0x9c6adf0,N/A
0,0x9c6ae80,N/A
0,0x9c6af10,N/A
0,0x9c6afa0,N/A
0,0xa42e170,N/A
0,0xa42e200,N/A
0,0xa42e290,N/A
0,0xa42e320,N/A
0,0xa42e3b0,N/A
0,0xa42e440,N/A
0,0xa42e4d0,N/A
0,0xa42e560,N/A
0,0xa42e5f0,N/A
0,0xa42e680,N/A
0,0xa42e710,N/A
0,0xa42e7a0,N/A
0,0xa42e830,N/A
0,0xa42e8c0,N/A
0,0xabe4630,N/A
0,0xb1bc030,N/A
0,0xb1bcad0,N/A
0,0xb1bcb60,N/A
0,0xb1bcbf0,N/A
0,0xb1bcc80,N/A
0,0xb1bcd10,N/A
0,0xb1bcda0,N/A
0,0xb1bce30,N/A
0,0xb1bcec0,N/A
0,0xb1bcf50,N/A
0,0xb1bcfe0,N/A
0,0xb221790,N/A
0,0xb4f6d50,N/A
0,0xb744720,N/A
0,0xb744770,N/A
0,0xb7e6e40,N/A
0,0xb7e6ed0,N/A
0,0xbe4d148,N/A
0,0xbe4d198,N/A
0,0xbe4dcd0,N/A
0,0xbe4dd20,N/A
0,0xc77e948,N/A
0,0xc972590,N/A
0,0xc9f1688,N/A
0,0xccbe478,N/A
0,0xccbe658,N/A
0,0xccbeb90,N/A
0,0xccbee70,N/A
0,0x11ae6388,N/A
0,0x11ae63d8,N/A
0,0x138d7480,N/A
0,0x13fc3b50,N/A
0,0x152c5fe0,N/A
0,0x19f18508,N/A
0,0x19f33108,N/A
0,0x1ac71a58,N/A
0,0x212e8600,N/A
0,0x2cb0e378,N/A
0,0x31184140,N/A
0,0x320d0e88,N/A
0,0x35d888e0,N/A
0,0x35f88368,N/A
0,0x35f883f8,N/A
0,0x36903968,N/A
0,0x369c88a8,N/A
0,0x381663c8,N/A
0,0x383e51e8,N/A
0,0x39087d48,N/A
0,0x39087d98,N/A
0,0x39170b10,N/A
0,0x39170b60,N/A
0,0x398fea80,N/A
0,0x3a974110,N/A
0,0x3a9742b0,N/A
0,0x3a974c00,N/A
0,0x3aafc6d0,N/A
0,0x3ae989e8,N/A
0,0x3ae98a38,N/A
0,0x3b550408,N/A
0,0x3b5c6e58,N/A
0,0x3b84c958,N/A
0,0x3b84c9a8,N/A
0,0x3be48c88,N/A
0,0x3bf833b8,N/A
0,0x3c004f78,N/A
0,0x3c811040,N/A
0,0x3d4476d0,N/A
0,0x3d4c83a8,N/A
0,0x3d4c8798,N/A
0,0x3d4c88a0,N/A
0,0x3d56a658,N/A
0,0x3d675250,N/A
0,0x3d676a00,N/A
0,0x3d6777f8,N/A
0,0x3d680e28,N/A
0,0x3d804c28,N/A
0,0x3d806168,N/A
0,0x3d811bf8,N/A
0,0x3d812e60,N/A
0,0x3d8264e8,N/A
0,0x3d8275c8,N/A
0,0x3d827958,N/A
0,0x3d827f28,N/A
0,0x3d82bd60,N/A
0,0x3d82ce80,N/A
0,0x3d82cf10,N/A
0,0x3d83bdf0,N/A
0,0x3d83c9c8,N/A
0,0x3d85c580,N/A
0,0x3d8720d8,N/A
0,0x3d8740f0,N/A
0,0x3d874180,N/A
0,0x3d874290,N/A
0,0x3d874320,N/A
0,0x3d875b78,N/A
0,0x3d875ca0,N/A
0,0x3d8771d8,N/A
0,0x3d877238,N/A
0,0x3d882b28,N/A
0,0x3d884498,N/A
0,0x3d885f28,N/A
0,0x3d8880b0,N/A
0,0x3d8892c0,N/A
0,0x3d8894b0,N/A
0,0x3d8983f0,N/A
0,0x3d89e118,N/A
0,0x3d89e9a8,N/A
0,0x3d8b5178,N/A
0,0x3d8cb578,N/A
0,0x3d8cbfe0,N/A
0,0x3d8d27a0,N/A
0,0x3d8d5138,N/A
0,0x3d907458,N/A
0,0x3d907b00,N/A
0,0x3d908940,N/A
0,0x3d915e68,N/A
0,0x3d917440,N/A
0,0x3d91a600,N/A
0,0x3d92b9d8,N/A
0,0x3d9315c0,N/A
0,0x3d931868,N/A
0,0x3d933700,N/A
0,0x3d941e60,N/A
0,0x3d9445f0,N/A
0,0x3d96a698,N/A
0,0x3d96c4f8,N/A
0,0x3da11868,N/A
0,0x3da12c18,N/A
0,0x3da16c38,N/A
0,0x3da246b0,N/A
0,0x3da49858,N/A
0,0x3da4d6e0,N/A
0,0x3da4e810,N/A
0,0x3da506e0,N/A
0,0x3da50a48,N/A
0,0x3da555a0,N/A
0,0x3da5b898,N/A
0,0x3da603b0,N/A
0,0x3da784e8,N/A
0,0x3da7bd68,N/A
0,0x3da7d990,N/A
0,0x3da81af0,N/A
0,0x3da87430,N/A
0,0x3da87d08,N/A
0,0x3da88138,N/A
0,0x3da88618,N/A
0,0x3da88668,N/A
0,0x3da89128,N/A
0,0x3da89388,N/A
0,0x3da893d8,N/A
0,0x3da898d8,N/A
0,0x3da89928,N/A
0,0x3da8a720,N/A
0,0x3da8bb40,N/A
0,0x3da8bec0,N/A
0,0x3da90380,N/A
0,0x3da950c8,N/A
0,0x3da971c8,N/A
0,0x3da994c0,N/A
0,0x3da997f8,N/A
0,0x3da9c3e0,N/A
0,0x3da9cb40,N/A
0,0x3da9cba0,N/A
0,0x3daae690,N/A
0,0x3daaf518,N/A
0,0x3dab7120,N/A
0,0x3db0b328,N/A
0,0x3db12e00,N/A
0,0x3db4f428,N/A
0,0x3db4f478,N/A
0,0x3db508c0,N/A
0,0x3db53888,N/A
0,0x3db538d8,N/A
0,0x3db53928,N/A
0,0x3db55518,N/A
0,0x3db55568,N/A
0,0x3db562a0,N/A
0,0x3db61488,N/A
0,0x3db67f78,N/A
0,0x3db69860,N/A
0,0x3db698f0,N/A
0,0x3db6aeb0,N/A
0,0x3db6c730,N/A
0,0x3db6c800,N/A
0,0x3db6cb58,N/A
0,0x3db6d458,N/A
0,0x3db6de00,N/A
0,0x3db6de90,N/A
0,0x3db6e318,N/A
0,0x3db6f2a8,N/A
0,0x3db6f488,N/A
0,0x3db6fdd8,N/A
0,0x3db6fea0,N/A
0,0x3db706b0,N/A
0,0x3db70b18,N/A
0,0x3db71f30,N/A
0,0x3db7ae70,N/A
0,0x3db7b7c8,N/A
0,0x3db7e670,N/A
0,0x3db7e858,N/A
0,0x3db80938,N/A
0,0x3db8d190,N/A
0,0x3db9f988,N/A
0,0x3dba8460,N/A
0,0x3dbbf8e0,N/A
0,0x3dbef668,N/A
0,0x3dbef6b8,N/A
0,0x3dbef9c0,N/A
0,0x3dbf0fe0,N/A
0,0x3dbf8d28,N/A
0,0x3dbf9a58,N/A
0,0x3ddc2030,N/A
0,0x3ddf1858,N/A
0,0x3ddf8fe0,N/A
0,0x3ddf9760,N/A
0,0x3ddfae38,N/A
0,0x3ddfb5d8,N/A
0,0x3ddfc090,N/A
0,0x3ddfcaa8,N/A
0,0x3e007190,N/A
0,0x3e0ca180,N/A
0,0x3e0ca1d0,N/A
0,0x3e295a98,N/A
0,0x3e2e40d8,N/A
0,0x3e3336c0,N/A
0,0x3e378f18,N/A
0,0x3e399f38,N/A
0,0x3e449898,N/A
0,0x3e452fe0,N/A
0,0x3e494f90,N/A
0,0x3e494fe0,N/A
0,0x3e526c10,N/A
0,0x3e63eaa8,N/A
0,0x3e64a4c8,N/A
0,0x3e64af90,N/A
0,0x3e64afe0,N/A
0,0x3e76d388,N/A
0,0x3e7b4660,N/A
0,0x3e7b46f0,N/A
0,0x3e7b4780,N/A
0,0x3e7ca7e8,N/A
0,0x3e81fad0,N/A
0,0x3e832d80,N/A
0,0x3e83a350,N/A
0,0x3e893478,N/A
0,0x3e893e60,N/A
0,0x3e894410,N/A
0,0x3e97bac8,N/A
0,0x3eb105d8,N/A
0,0x3eb132a8,N/A
0,0x3eb65630,N/A
0,0x3eb93a18,N/A
0,0x3eb93a78,N/A
0,0x3eba20f8,N/A
0,0x3ebd8480,N/A
0,0x3ef1c680,N/A
0,0x3ef1cf78,N/A
0,0x3f422d20,N/A
0,0x3f424150,N/A
0,0x3fc42e00,N/A
0,0x3fc432e0,N/A
0,0x3fc43c18,N/A
0,0x3fc79dc8,N/A
0,0x3fc7d378,N/A
0,0x3fc7ff90,N/A
0,0x3fc82500,N/A
0,0x3fc869e8,N/A
0,0x3fc86aa8,N/A
0,0x3fc8d778,N/A
0,0x3fc90578,N/A
0,0x3fc9b230,N/A
0,0x3fca10b8,N/A
0,0x3fca6338,N/A
0,0x3fca64a0,N/A
0,0x3fca71a8,N/A
0,0x3fca8268,N/A
0,0x3fca9fe0,N/A
0,0x3fcaa648,N/A
0,0x3fcb2228,N/A
0,0x3fcb4b30,N/A
0,0x3fcbe448,N/A
0,0x3fcbf5e0,N/A
0,0x3fcc1450,N/A
0,0x3fcc14a0,N/A
0,0x3fd035f0,N/A
0,0x3fd22b10,N/A
0,0x3fd283e0,N/A

